<?xml version="1.0" encoding="UTF-8"?>
<project-private xmlns="http://www.netbeans.org/ns/project-private/1">
    <editor-bookmarks xmlns="http://www.netbeans.org/ns/editor-bookmarks/2" lastBookmarkId="0"/>
    <open-files xmlns="http://www.netbeans.org/ns/projectui-open-files/2">
        <group>
            <file>file:/E:/marwan%20final/sceneBuildertest0.3.5/src/scenebuildertest/LevelTwoController.java</file>
            <file>file:/E:/marwan%20final/sceneBuildertest0.3.5/src/scenebuildertest/CharacterPosition.java</file>
            <file>file:/E:/marwan%20final/sceneBuildertest0.3.5/src/scenebuildertest/LeveloneSceneController.java</file>
        </group>
    </open-files>
</project-private>
